<?xml version="1.0" encoding="UTF-8"?>
<project-private xmlns="http://www.netbeans.org/ns/project-private/1">
    <editor-bookmarks xmlns="http://www.netbeans.org/ns/editor-bookmarks/2" lastBookmarkId="0"/>
    <open-files xmlns="http://www.netbeans.org/ns/projectui-open-files/2">
        <group>
            <file>file:/C:/Users/Najia13/Documents/NetBeansProjects/312Project/src/pkg312project/Main.java</file>
            <file>file:/C:/Users/Najia13/Documents/NetBeansProjects/312Project/src/pkg312project/IOBurst.java</file>
            <file>file:/C:/Users/Najia13/Documents/NetBeansProjects/312Project/src/pkg312project/Scheduler.java</file>
            <file>file:/C:/Users/Najia13/Documents/NetBeansProjects/312Project/src/pkg312project/CommandInterface.java</file>
            <file>file:/C:/Users/Najia13/Documents/NetBeansProjects/312Project/src/pkg312project/ExecutionQueue.java</file>
            <file>file:/C:/Users/Najia13/Documents/NetBeansProjects/312Project/src/pkg312project/IOScheduler.java</file>
            <file>file:/C:/Users/Najia13/Documents/NetBeansProjects/312Project/src/pkg312project/CPU.java</file>
        </group>
    </open-files>
</project-private>
